item_id,code_version,bank,verdict,twin_verdict,note,reason,code_sha256,excluded_on
build_invoice_summary__copy_paste_residue__gpt5__000,buggy,items_gpt5,not_a_bug,ok,An unused scalar lookup changes neither the result nor a prohibited effect. The contract does not forbid dead scalar assignments.,item failed review,90bad08c8fce8cc8bab2f2ed5fde7dc497646c05f209e6f786836d7b0fb658b9,2026-09-27
build_invoice_summary__copy_paste_residue__gpt5__000,clean,items_gpt5_clean,not_a_bug,ok,An unused scalar lookup changes neither the result nor a prohibited effect. The contract does not forbid dead scalar assignments.,item failed review,c8b62dc03fbc09ef4a1dd3a3521a171bac51a12f64c65546ed1e3dc87f3cc13b,2026-09-27
cart_total__copy_paste_residue__gpt5__000,buggy,items_gpt5,violates_contract,twin_not_clean,Converting quantity with int(qty) changes a fractional quantity before calculating price × quantity; removing the print leaves that issue.,item failed review,2fbe098f5eba0cfffeef8543215abfaf8e19ff634274e1898f3eca2aacb47c26,2026-09-27
cart_total__copy_paste_residue__gpt5__000,clean,items_gpt5_clean,violates_contract,twin_not_clean,Converting quantity with int(qty) changes a fractional quantity before calculating price × quantity; removing the print leaves that issue.,item failed review,5614746a9e4c86927f3c8f07f54631803a6013bd33c0424fabd392481d4fb880,2026-09-27
format_address_block__copy_paste_residue__gpt5__000,buggy,items_gpt5,not_a_bug,twin_not_minimal,The unused billing_line does not violate the stated contract. Twin also changes field handling and formatting.,item failed review,7ad68aa1d2a0e2ef7a5a5a5a2548b35950ef4bf1f6cdfc269f6d54d162be9024,2026-09-27
format_address_block__copy_paste_residue__gpt5__000,clean,items_gpt5_clean,not_a_bug,twin_not_minimal,The unused billing_line does not violate the stated contract. Twin also changes field handling and formatting.,item failed review,58b6dddc11dc00a5d5233855be79b70fce60621884730e6e1284257b39a81d79,2026-09-27
process_orders_revenue__silent_failure__gpt5__001,clean,items_gpt5_clean,ok,twin_breaks_contract,Failures are swallowed; twin still omits a failed order when its ID cannot be obtained. Specify how missing IDs are reported. Tier remains open.,twin failed review,0cc019e9b15bf29e763fd12e649c08c18eb1e9b82cee05a519f814bf66de5532,2026-09-27
rename_files__copy_paste_residue__gpt5__001,buggy,items_gpt5,violates_contract,twin_breaks_contract,A filename without an extension is returned without the suffix. The twin also substantially rewrites path handling and still leaves the no-extension behavior.,item failed review,ca5ea40200936b48f1a6eb8bddd428ebca20f798dfadef53755659631cc6bc4a,2026-09-27
rename_files__copy_paste_residue__gpt5__001,clean,items_gpt5_clean,violates_contract,twin_breaks_contract,A filename without an extension is returned without the suffix. The twin also substantially rewrites path handling and still leaves the no-extension behavior.,item failed review,afb6fba9434542616d2b0a1c8005112633e00c9f457c4121ffbaa43f8df3fc2b,2026-09-27
apply_discount_codes__silent_failure__gemini25pro__000,buggy,items_gemini25pro,not_a_bug,twin_breaks_contract,"The contract defines rejected as codes not found in the table. This item’s alleged bug concerns a malformed entry found in the table; the twin adds it to rejected, contrary to that definition.",item failed review,1fd5b63a3b72efd90b6a76bfe4291694513b1185589b940f490bd6afb9752c57,2026-09-27
apply_discount_codes__silent_failure__gemini25pro__000,clean,items_gemini25pro_clean,not_a_bug,twin_breaks_contract,"The contract defines rejected as codes not found in the table. This item’s alleged bug concerns a malformed entry found in the table; the twin adds it to rejected, contrary to that definition.",item failed review,3c43ca6799323bc0fe29d901697689a7aadc3347f19074921da736b3df5f98a4,2026-09-27
average_temperature__missing_edge_case__gemini25pro__000,buggy,items_gemini25pro,violates_contract,twin_not_clean,Same nonnumeric-input exception issue as 39.,item failed review,3bb2c2b4105377046afb240849eba21df9dee06ab5163fe3e5959314c6f33a81,2026-09-27
average_temperature__missing_edge_case__gemini25pro__000,clean,items_gemini25pro_clean,violates_contract,twin_not_clean,Same nonnumeric-input exception issue as 39.,item failed review,c4c63c6e96f45f5bb087924926b84cbdc5e7b89f84df71d81f5c752412b3875d,2026-09-27
average_temperature__missing_edge_case__gemini25pro__001,buggy,items_gemini25pro,violates_contract,twin_not_clean,A nonnumeric value such as None can raise TypeError rather than the contracted ValueError; the twin retains that behavior.,item failed review,8728a722460fdecb6e673d011f2e1a2797f42dd3a41d075f66b31fdfedf76875,2026-09-27
average_temperature__missing_edge_case__gemini25pro__001,clean,items_gemini25pro_clean,violates_contract,twin_not_clean,A nonnumeric value such as None can raise TypeError rather than the contracted ValueError; the twin retains that behavior.,item failed review,15f5a87f0a3a23f1429d579d12fd9f57e3188fe3f1785c78667d381e2310ccc8,2026-09-27
cart_total__copy_paste_residue__gemini25pro__000,buggy,items_gemini25pro,not_a_bug,ok,Unused item count wastes work but has no contract-prohibited behavior.,item failed review,d1c45dab8ea13a5ab229f717267a5aa12643272caa7a0527c7551d44b769f7ed,2026-09-27
cart_total__copy_paste_residue__gemini25pro__000,clean,items_gemini25pro_clean,not_a_bug,ok,Unused item count wastes work but has no contract-prohibited behavior.,item failed review,906979556e5240ebc08ed4e6c9d29bd5dc240b5cbb946fc352bf7488cba2366c,2026-09-27
job_status_auth__security_vulnerability__gemini25pro__001,clean,items_gemini25pro_clean,ok,twin_breaks_contract,The intended cross-service key bug is real. Twin accepts an unknown service if both auth_map.get(service_name) and supplied api_key are None.,twin failed review,116e08fd442e751d07c8f32aca4b4859298107dba49faaa41e81f8a09ec72ea7,2026-09-27
process_orders_revenue__silent_failure__gemini25pro__000,clean,items_gemini25pro_clean,ok,twin_breaks_contract,Same None-instead-of-an-ID concern in the twin.,twin failed review,4ac7be982ea3c529f5947f54753e6d8bde9fdc6f66debf66913b837b44e799fc,2026-09-27
process_orders_revenue__silent_failure__gemini25pro__001,clean,items_gemini25pro_clean,ok,twin_breaks_contract,"Failure reporting is missing. Twin can append None for a malformed non-dict item, although the contract calls for IDs of failed orders; behavior for an item without an ID needs specifying.",twin failed review,451db2bbb6d7875e1af0c9114a5d7bd06eb1d49e5ef9030068b0a5214bc6ac34,2026-09-27
reset_token_validation__logic_error__gemini25pro__000,buggy,items_gemini25pro,violates_contract,twin_not_minimal,"The or is the intended bug, but malformed stored data can also raise instead of returning False. Twin adds exception handling as well as changing or to and.",item failed review,f9e343d9629ea768a6d20e8c4eb8dab7fb8f5fd9df9928af2633dc2b1fab6b70,2026-09-27
reset_token_validation__logic_error__gemini25pro__000,clean,items_gemini25pro_clean,violates_contract,twin_not_minimal,"The or is the intended bug, but malformed stored data can also raise instead of returning False. Twin adds exception handling as well as changing or to and.",item failed review,2f72d6c12794d8002be712f90b1cdf197c3b4ea7e9fbe180761ced2c4a40849e,2026-09-27
reset_token_validation__missing_edge_case__gemini25pro__000,buggy,items_gemini25pro,violates_contract,twin_not_clean,Checking only whether the submitted token is empty does not handle every malformed token covered by the contract; the twin retains that limitation.,item failed review,46f1334c6e5669eef5528649938704143a18224f3df75510ef6f396c1a8d5886,2026-09-27
reset_token_validation__missing_edge_case__gemini25pro__000,clean,items_gemini25pro_clean,violates_contract,twin_not_clean,Checking only whether the submitted token is empty does not handle every malformed token covered by the contract; the twin retains that limitation.,item failed review,adc4facb24f01662f1cf0f5ef0681c981cdac6a8834606ce346f540362086a89,2026-09-27
reset_token_validation__missing_edge_case__gemini25pro__001,buggy,items_gemini25pro,violates_contract,twin_not_minimal,"Besides a missing stored record, an empty submitted token can be accepted in some records. Twin fixes both.",item failed review,6cc791c3b57d5e8bc0ef9a4c2be612bed2c065d253dbdb7b7d080871e7b46dfe,2026-09-27
reset_token_validation__missing_edge_case__gemini25pro__001,clean,items_gemini25pro_clean,violates_contract,twin_not_minimal,"Besides a missing stored record, an empty submitted token can be accepted in some records. Twin fixes both.",item failed review,8cf9d07187b93ca7ea35861aeb5187272e4cf4ae7b4f30dab99ee1a75aee9051,2026-09-27
reset_token_validation__security_vulnerability__gemini25pro__000,buggy,items_gemini25pro,violates_contract,twin_not_minimal,Malformed submitted tokens can still cause lookup errors despite the required False; twin also adds malformed-record handling beyond the ownership fix.,item failed review,09899e4060e9188c56a3f20da71a250e78083ca3258dd5a68ac3534fe9f2675e,2026-09-27
reset_token_validation__security_vulnerability__gemini25pro__000,clean,items_gemini25pro_clean,violates_contract,twin_not_minimal,Malformed submitted tokens can still cause lookup errors despite the required False; twin also adds malformed-record handling beyond the ownership fix.,item failed review,51591bc4d1e1080cf8941a4f6904ad7b692ee6f358eec28a1d2c06ccf1a6ec24,2026-09-27
