item_id,stratum
add_note__known_trap__gemini25pro__001,sampled_stated
apply_discount_codes__silent_failure__gpt5__000,sampled_stated
authenticate_user__security_vulnerability__gemini25pro__001,model_convention
authenticate_user__security_vulnerability__gpt5__000,sampled_stated
authenticate_user__security_vulnerability__gpt5__001,model_convention
average_temperature__missing_edge_case__gemini25pro__000,model_none
average_temperature__missing_edge_case__gemini25pro__001,model_none
average_temperature__missing_edge_case__gpt5__000,model_convention
average_temperature__missing_edge_case__gpt5__001,model_convention
build_invoice_summary__copy_paste_residue__gemini25pro__000,model_none
build_invoice_summary__copy_paste_residue__gpt5__000,model_none
build_invoice_summary__copy_paste_residue__gpt5__001,model_none
cart_total__copy_paste_residue__gemini25pro__000,model_none
cart_total__copy_paste_residue__gemini25pro__001,model_convention
cart_total__copy_paste_residue__gpt5__000,sampled_stated
catalog_lookup__security_vulnerability__gpt5__000,sampled_stated
celsius_to_fahrenheit__wrong_algorithm__gemini25pro__000,sampled_stated
celsius_to_fahrenheit__wrong_algorithm__gpt5__000,sampled_stated
codes_match__known_trap__gemini25pro__001,sampled_stated
codes_match__known_trap__gpt5__000,model_convention
compute_average__wrong_algorithm__gemini25pro__000,sampled_stated
discount_eligibility__logic_error__gpt5__000,sampled_stated
format_address_block__copy_paste_residue__gemini25pro__000,sampled_stated
format_address_block__copy_paste_residue__gpt5__000,model_convention
format_address_block__copy_paste_residue__gpt5__001,model_convention
job_status_auth__security_vulnerability__gpt5__001,model_convention
parse_config__silent_failure__gemini25pro__000,model_convention
parse_config__silent_failure__gemini25pro__001,model_none
parse_config__silent_failure__gpt5__000,model_convention
parse_csv_header__logic_error__gpt5__001,sampled_stated
parse_csv_header__missing_edge_case__gemini25pro__000,model_convention
parse_csv_header__missing_edge_case__gemini25pro__001,model_convention
parse_csv_header__missing_edge_case__gpt5__000,model_convention
parse_csv_header__missing_edge_case__gpt5__001,model_convention
parse_timestamps__silent_failure__gpt5__000,sampled_stated
price_total_match__known_trap__gemini25pro__000,model_none
price_total_match__known_trap__gemini25pro__001,model_none
process_order_batch__missing_edge_case__gemini25pro__000,model_convention
process_order_batch__missing_edge_case__gpt5__000,model_convention
process_orders_revenue__silent_failure__gemini25pro__001,model_convention
process_orders_revenue__silent_failure__gpt5__000,sampled_stated
public_profile_lookup__security_vulnerability__gemini25pro__000,model_convention
public_profile_lookup__security_vulnerability__gemini25pro__001,model_convention
public_profile_lookup__security_vulnerability__gpt5__000,model_convention
public_profile_lookup__security_vulnerability__gpt5__001,model_convention
rename_files__copy_paste_residue__gemini25pro__000,model_none
rename_files__copy_paste_residue__gemini25pro__001,model_none
rename_files__copy_paste_residue__gpt5__001,model_none
reset_token_validation__logic_error__gemini25pro__000,model_convention
reset_token_validation__logic_error__gemini25pro__001,sampled_stated
reset_token_validation__missing_edge_case__gemini25pro__000,model_convention
reset_token_validation__missing_edge_case__gemini25pro__001,model_convention
reset_token_validation__missing_edge_case__gpt5__000,model_none
reset_token_validation__missing_edge_case__gpt5__001,model_convention
reset_token_validation__security_vulnerability__gemini25pro__000,model_convention
reset_token_validation__security_vulnerability__gemini25pro__001,sampled_stated
reset_token_validation__security_vulnerability__gpt5__000,model_convention
reset_token_validation__security_vulnerability__gpt5__001,model_convention
shipping_cost__logic_error__gemini25pro__000,model_convention
shipping_cost__logic_error__gemini25pro__001,model_convention
shipping_cost__logic_error__gpt5__000,sampled_stated
shipping_cost__logic_error__gpt5__001,model_none
shipping_cost__wrong_algorithm__gpt5__000,model_none
shipping_cost__wrong_algorithm__gpt5__001,sampled_stated
sort_students_by_grade__logic_error__gpt5__001,sampled_stated
validate_username_length__missing_edge_case__gpt5__001,sampled_stated
