item_id,verdict,twin_verdict,note
add_note__known_trap__gemini25pro__000,ok,ok,Same valid trap and minimal fix.
add_note__known_trap__gemini25pro__001,ok,ok,Mutable default shares notes between calls; standard minimal fix.
apply_discount_codes__silent_failure__gemini25pro__000,ok,twin_not_minimal,Unknown code is silently omitted; twin reports it but also removes the unused import.
apply_discount_codes__silent_failure__gemini25pro__001,ok,ok,Suppresses an unknown discount code instead of listing it as rejected.
authenticate_user__security_vulnerability__gemini25pro__000,ok,ok,Hardcoded bypass password is removed.
authenticate_user__security_vulnerability__gemini25pro__001,ok,twin_not_minimal,SQL interpolation is a vulnerability; twin also changes hash comparison to hmac.compare_digest. I would avoid claiming the displayed injection necessarily bypasses authentication without a matching-password scenario.
average_temperature__missing_edge_case__gemini25pro__000,ok,ok,Returns 0.0 rather than None for an empty list; one-value fix.
average_temperature__missing_edge_case__gemini25pro__001,ok,twin_not_minimal,Empty list causes division by zero; twin fixes it but also removes the unused import.
build_invoice_summary__copy_paste_residue__gemini25pro__000,ok,ok,Adds an extra returned key.
build_invoice_summary__copy_paste_residue__gemini25pro__001,ok,ok,Adds a fourth returned key despite the “exactly” clause.
cart_total__copy_paste_residue__gemini25pro__000,ok,ok,Extra console output; one-line removal.
cart_total__copy_paste_residue__gemini25pro__001,ok,ok,Mutates each cart item; fix removes that write.
catalog_lookup__security_vulnerability__gemini25pro__000,ok,ok,Omits the seller-ownership check.
catalog_lookup__security_vulnerability__gemini25pro__001,ok,ok,Returns another seller’s product record.
celsius_to_fahrenheit__wrong_algorithm__gemini25pro__000,ok,ok,Same wrong conversion and minimal fix.
celsius_to_fahrenheit__wrong_algorithm__gemini25pro__001,ok,ok,Fahrenheit-to-Celsius formula used for the reverse task.
codes_match__known_trap__gemini25pro__000,ok,ok,Replaces integer identity with equality.
codes_match__known_trap__gemini25pro__001,ok,ok,Same valid trap and minimal fix.
compute_average__wrong_algorithm__gemini25pro__000,ok,ok,Returns sum instead of average.
compute_average__wrong_algorithm__gemini25pro__001,ok,ok,Computes median instead of mean.
discount_eligibility__logic_error__gemini25pro__000,ok,ok,Reversed eligibility comparison.
discount_eligibility__logic_error__gemini25pro__001,ok,ok,Reversed eligibility comparison.
format_address_block__copy_paste_residue__gemini25pro__000,ok,ok,Unrelated mutation of billing data; fix removes it.
format_address_block__copy_paste_residue__gemini25pro__001,ok,ok,Prints billing information; removal is minimal.
is_freezing__logic_error__gemini25pro__000,ok,ok,Treats positive values as freezing and negative values as nonfreezing.
is_freezing__logic_error__gemini25pro__001,ok,ok,Reverses the freezing test.
job_status_auth__security_vulnerability__gemini25pro__000,ok,ok,Checks service existence but not its matching key.
job_status_auth__security_vulnerability__gemini25pro__001,ok,twin_not_minimal,Cross-service key acceptance is real. Twin also changes comparison method and adds exception handling.
median_response_time__wrong_algorithm__gemini25pro__000,ok,ok,Computes mean instead of median.
median_response_time__wrong_algorithm__gemini25pro__001,ok,ok,Computes mean instead of median.
parse_config__silent_failure__gemini25pro__000,ok,twin_not_minimal,Malformed JSON is silently replaced with defaults; twin also adds a separate non-dictionary check.
parse_config__silent_failure__gemini25pro__001,ok,twin_not_minimal,Malformed JSON is silently replaced with defaults; twin also adds a separate type check.
parse_csv_header__logic_error__gemini25pro__000,ok,ok,Keeps blank fields instead of names.
parse_csv_header__logic_error__gemini25pro__001,ok,ok,Keeps blank fields instead of names.
parse_csv_header__missing_edge_case__gemini25pro__000,ok,ok,None raises the wrong exception; fix supplies the required type check.
parse_csv_header__missing_edge_case__gemini25pro__001,ok,ok,None produces AttributeError instead of the contracted TypeError.
parse_timestamps__silent_failure__gemini25pro__000,ok,ok,Swallows an unparseable timestamp rather than reporting it.
parse_timestamps__silent_failure__gemini25pro__001,ok,ok,Same valid failure and minimal fix.
price_total_match__known_trap__gemini25pro__000,ok,twin_not_minimal,Exact float equality is the intended bug; the Decimal rewrite is more extensive than the available minimal rounding fix.
price_total_match__known_trap__gemini25pro__001,ok,ok,Rounds both sides before comparison.
process_order_batch__missing_edge_case__gemini25pro__000,ok,twin_not_minimal,None batch crashes; twin additionally changes handling of malformed individual orders.
process_order_batch__missing_edge_case__gemini25pro__001,ok,twin_not_minimal,None batch crashes; twin also changes handling of malformed orders.
process_orders_revenue__silent_failure__gemini25pro__000,ok,twin_not_minimal,"Swallowed KeyError is real. Twin also adds an ID check, broadens the caught exceptions, and conditionally omits failed entries."
process_orders_revenue__silent_failure__gemini25pro__001,ok,twin_not_minimal,Swallowed processing failure is real. Twin adds an unnecessary nested fallback for orders without IDs.
public_profile_lookup__security_vulnerability__gemini25pro__000,ok,ok,Interpolates a username into SQL instead of binding it.
public_profile_lookup__security_vulnerability__gemini25pro__001,ok,ok,Parameterized query is the minimal security fix.
rename_files__copy_paste_residue__gemini25pro__000,ok,ok,Builds the additional name_map collection expressly forbidden by this contract.
rename_files__copy_paste_residue__gemini25pro__001,ok,ok,"Builds an additional retained collection, expressly forbidden by this contract."
reset_token_validation__logic_error__gemini25pro__000,ok,ok,The expiry comparison is inverted; changing > to < is a minimal fix for the intended bug.
reset_token_validation__logic_error__gemini25pro__001,ok,ok,Accepts a mismatching token if the stored token is unexpired.
reset_token_validation__missing_edge_case__gemini25pro__000,ok,twin_not_minimal,The missing submitted-token check is real. Twin also switches to hmac.compare_digest and adds a stored-value type check; that is more than a minimal fix.
reset_token_validation__missing_edge_case__gemini25pro__001,ok,ok,Missing expiration raises instead of rejecting a malformed record; fix addresses that condition.
reset_token_validation__security_vulnerability__gemini25pro__000,ok,ok,"Interpolating the token into SQL is the intended vulnerability; parameterization is the targeted fix. The rationale should say injection can alter the lookup, without assuming every altered lookup bypasses the later owner and expiry checks."
reset_token_validation__security_vulnerability__gemini25pro__001,ok,twin_not_minimal,Master token is a real bypass; twin also rewrites the mock database’s expiry dates.
shipping_cost__logic_error__gemini25pro__000,ok,ok,Misroutes weights above 5 through the tier conditions.
shipping_cost__logic_error__gemini25pro__001,ok,ok,Wrong comparison captures heavier packages in the cheapest tier.
shipping_cost__wrong_algorithm__gemini25pro__000,ok,ok,Linear pricing in place of the contracted tiers.
shipping_cost__wrong_algorithm__gemini25pro__001,ok,ok,Same tier-versus-linear error.
sort_students_by_grade__logic_error__gemini25pro__000,ok,ok,Sorts ascending rather than descending.
sort_students_by_grade__logic_error__gemini25pro__001,ok,ok,Sorts ascending rather than descending.
validate_username_length__missing_edge_case__gemini25pro__000,ok,ok,Incorrectly logs an empty username.
validate_username_length__missing_edge_case__gemini25pro__001,ok,ok,Incorrectly logs an empty username.
